Subtype,ROC_AUC
Basal,0.9415052160953801
Her2,0.9723880597014926
LumA,0.9155793573515092
LumB,0.9436281859070464
Normal,0.9129188712522046
